Street,Hundred,Direction,FULLNAME1,FULLNAME2,Num_Segs
BISCAY CT,18950,E,N BISCAY CT,None,1
CATHAY ST,19000,E,N CATHAY ST,None,11
CATHAY CT,19040,E,N CATHAY CT,None,5
CEYLON ST,19100,E,N CEYLON ST,None,14
CEYLON CT,19200,E,N CEYLON CT,None,4
DUNKIRK WAY,19200,E,N DUNKIRK WAY,None,9
DUNKIRK CT,19350,E,N DUNKIRK CT,None,2
ENSENADA ST,19400,E,N ENSENADA ST,None,21
ENSENADA CT,19450,E,N ENSENADA CT,None,1
ESPANA ST,19500,E,N ESPANA ST,None,9
ESPANA WAY,19500,E,N ESPANA WAY,None,8
ESPANA CT,19550,E,N ESPANA CT,None,4
FLANDERS CT,19550,E,N FLANDERS CT,None,1
FLANDERS ST,19600,E,N FLANDERS ST,None,6
FLANDERS WAY,19600,E,N FLANDERS WAY,None,13
HIMALAYA WAY,19600,E,N HIMALAYA WAY,None,6
FUNDY ST,19700,E,N FUNDY ST,None,11
HALIFAX WAY,19700,E,N HALIFAX WAY,None,6
GENOA ST,19800,E,N GENOA ST,None,21
GIBRALTAR WAY,19850,E,N GIBRALTAR WAY,None,1
GIBRALTAR ST,19900,E,N GIBRALTAR ST,None,8
HALIFAX ST,20000,E,N HALIFAX ST,None,13
HALIFAX CT,20050,E,N HALIFAX CT,None,5
HIMALAYA RD,20200,E,N HIMALAYA RD,None,12
IRAN ST,20200,E,N IRAN ST,None,10
IRELAND ST,20300,E,N IRELAND ST,None,19
IRELAND CT,20350,E,N IRELAND CT,None,9
JEBEL ST,20400,E,N JEBEL ST,None,9
JEBEL CT,20450,E,N JEBEL CT,None,5
JERICHO ST,20500,E,N JERICHO ST,None,7
JERICHO CT,20550,E,N JERICHO CT,None,2
KIRK ST,20700,E,N KIRK ST,None,17
KIRK CT,20750,E,N KIRK CT,None,4
LISBON ST,20800,E,N LISBON ST,None,17
LISBON CT,20850,E,N LISBON CT,None,2
LISBON WAY,20860,E,N LISBON WAY,None,3
LIVERPOOL ST,20900,E,N LIVERPOOL ST,None,11
LIVERPOOL WAY,20940,E,N LIVERPOOL WAY,None,3
LIVERPOOL CT,20950,E,N LIVERPOOL CT,None,3
MALAYA ST,21000,E,N MALAYA ST,None,22
MALAYA CT,21050,E,N MALAYA CT,None,1
MALTA ST,21100,E,N MALTA ST,None,16
PIERCE WAY,7160,W,S PIERCE WAY,None,1
TELLER ST,7200,W,S TELLER ST,None,2
UPHAM ST,7300,W,S UPHAM ST,None,3
VANCE WAY,7400,W,S VANCE WAY,None,1
WEBSTER ST,7500,W,S WEBSTER ST,None,4
WADSWORTH BLVD,7600,W,S WADSWORTH BLVD,None,15
WADSWORTH WAY,7600,W,S WADSWORTH WAY,None,2
YUKON ST,7700,W,S YUKON ST,None,1
WADSWORTH WAY,7800,W,S WADSWORTH WAY,None,1
AMMONS ST,8100,W,S AMMONS ST,None,6
WADSWORTH WAY,8150,W,S WADSWORTH WAY,None,2
BALSAM ST,8200,W,S BALSAM ST,None,1
BALSAM WAY,8200,W,S BALSAM WAY,None,5
WADSWORTH WAY,8400,W,S WADSWORTH WAY,None,1
DOVER ST,8600,W,S DOVER ST,None,1
DUDLEY ST,8700,W,S DUDLEY ST,None,13
ESTES ST,8800,W,S ESTES ST,None,3
ESTES WAY,8840,W,S ESTES WAY,None,1
EVERETT ST,8900,W,S EVERETT ST,None,4
ENDICOTT CT,8950,W,S ENDICOTT CT,None,1
FIELD ST,9000,W,S FIELD ST,None,3
FIELD WAY,9000,W,S FIELD WAY,None,9
FIELD CT,9050,W,S FIELD CT,None,4
FLOWER ST,9100,W,S FLOWER ST,None,1
FLOWER WAY,9110,W,S FLOWER WAY,None,1
GARRISON ST,9200,W,S GARRISON ST,None,9
GAR WAY,9250,W,S GAR WAY,None,3
GARLAND WAY,9290,W,S GARLAND WAY,None,3
GARLAND ST,9300,W,S GARLAND ST,None,5
HOLLAND ST,9400,W,S HOLLAND ST,None,3
HOLLAND WAY,9400,W,S HOLLAND WAY,None,1
HOLLAND CT,9450,W,S HOLLAND CT,None,1
HOYT ST,9500,W,S HOYT ST,None,6
INDEPENDENCE WAY,9580,W,S INDEPENDENCE WAY,None,2
INDEPENDENCE ST,9600,W,S INDEPENDENCE ST,None,2
INDEPENDENCE CT,9650,W,S INDEPENDENCE CT,None,1
IRIS ST,9700,W,S IRIS ST,None,4
JELLISON ST,9800,W,S JELLISON ST,None,4
JOHNSON ST,9900,W,S JOHNSON ST,None,5
KIPLING ST,10000,W,S KIPLING ST,None,3
OAK ST,10800,W,N OAK ST,None,1
NEPAL ST,21200,E,N NEPAL ST,None,10
NETHERLAND ST,21300,E,N NETHERLAND ST,None,18
NETHERLAND CT,21350,E,N NETHERLAND CT,None,1
ODESSA ST,21400,E,N ODESSA ST,None,18
PERTH CIR,21440,E,N PERTH CIR,None,6
ORLEANS ST,21500,E,N ORLEANS ST,None,28
ORLEANS CT,21550,E,N ORLEANS CT,None,8
PERTH ST,21600,E,N PERTH ST,None,16
PERTH CT,21650,E,N PERTH CT,None,13
PICADILLY RD,21700,E,N PICADILLY RD,None,7
SHAWNEE ST,22200,E,N SHAWNEE ST,None,1
YAKIMA ST,23100,E,N YAKIMA ST,None,1
GUN CLUB RD,23300,E,N GUN CLUB RD,None,10
CALAWBA CT,23800,E,N CALAWBA CT,None,1
ELK ST,24300,E,N ELK ST,None,1
FLAT ROCK ST,24300,E,N FLAT ROCK ST,None,2
GOLD BUG ST,24600,E,N GOLD BUG ST,None,4
JACKSON GAP ST,25200,E,N JACKSON GAP ST,None,7
IRVINGTON WAY,25400,E,N IRVINGTON WAY,None,2
KEWAUNEE ST,25500,E,N KEWAUNEE ST,None,2
NEWBERN ST,26000,E,N NEWBERN ST,None,3
HARRY B COOMBS PKWY,26100,E,N HARRY B COOMBS PKWY,None,2
NEW CASTLE ST,26100,E,N NEW CASTLE ST,None,3
OAK HILL ST,26200,E,N OAK HILL ST,None,2
PATSBURG ST,26400,E,N PATSBURG ST,None,3
POWHATON CT,26500,E,N POWHATON CT,None,1
ROBERTSDALE ST,26900,E,N ROBERTSDALE ST,None,2
SCOTTSBURG ST,27000,E,N SCOTTSBURG ST,None,3
SHADY GROVE ST,27100,E,N SHADY GROVE ST,None,3
QUEENSBURG ST,27200,E,N QUEENSBURG ST,None,6
TITUS ST,27200,E,N TITUS ST,None,3
TRUSSVILLE ST,27300,E,N TRUSSVILLE ST,None,11
UNDERGROVE ST,27400,E,N UNDERGROVE ST,None,1
VALLEY HEAD ST,27600,E,N VALLEY HEAD ST,None,5
VANDRIVER ST,27700,E,N VANDRIVER ST,None,8
MONAGHAN MILE RD,28100,E,N MONAGHAN MILE RD,None,1
ALLIUM ST,28200,E,N ALLIUM ST,None,5
AMORY ST,28300,E,N AMORY ST,None,1
ELECTRA ST,29000,E,N ELECTRA ST,None,6
HAYESMOUNT RD,29200,E,N HAYESMOUNT RD,None,3
GREAT ROCK ST,29600,E,N GREAT ROCK ST,None,4
HARDWRICK ST,29800,E,N HARDWRICK ST,None,4
HUDSON MILE RD,31300,E,N HUDSON MILE RD,None,5
ACADEMY BLVD,50,N,E ACADEMY BLVD,None,2
IRVINGTON PL,50,N,E IRVINGTON PL,W IRVINGTON PL,12
1ST AVE,100,N,E 1ST AVE,W 1ST AVE,121
1ST PL,150,N,E 1ST PL,None,6
PARK PL,150,N,W PARK PL,None,4
2ND AVE,200,N,E 2ND AVE,W 2ND AVE,93
3RD AVE,300,N,E 3RD AVE,W 3RD AVE,107
3RD PL,320,N,E 3RD PL,None,1
4TH AVE,400,N,E 4TH AVE,W 4TH AVE,128
4TH PL,430,N,E 4TH PL,None,1
SHORT PL,450,N,W SHORT PL,None,3
5TH AVE,500,N,E 5TH AVE,W 5TH AVE,108
HAWTHORNE PL,520,N,E HAWTHORNE PL,None,1
5TH PL,550,N,W 5TH PL,None,2
HURST PL,550,N,W HURST PL,None,1
6TH AVE,600,N,E 6TH AVE,W 6TH AVE,124
6TH AVENUE FWY,600,N,W 6TH AVENUE FWY EB,W 6TH AVENUE FWY WB,43
6TH AVENUE PKWY,600,N,E 6TH AVENUE PKWY,None,69
6TH PL,610,N,W 6TH PL,None,1
6TH PL,650,N,E 6TH PL,None,3
7TH AVE,700,N,E 7TH AVE,W 7TH AVE,69
7TH AVENUE PKWY,700,N,E 7TH AVENUE PKWY,None,52
SEVERN PL,750,N,E SEVERN PL,W SEVERN PL,31
SEVERN DR,790,N,E SEVERN DR,None,2
8TH AVE,800,N,E 8TH AVE,W 8TH AVE,137
8TH PL,850,N,E 8TH PL,None,4
BARBERRY PL,850,N,W BARBERRY PL,None,4
9TH AVE,900,N,E 9TH AVE,W 9TH AVE,113
MULBERRY PL,930,N,W MULBERRY PL,None,3
10TH DR,990,N,E 10TH DR,None,2
10TH AVE,1000,N,E 10TH AVE,W 10TH AVE,93
11TH AVE,1100,N,E 11TH AVE,W 11TH AVE,113
RICHTHOFEN PL,1150,N,E RICHTHOFEN PL,None,12
RICHTHOFEN PLACE PKWY,1150,N,E RICHTHOFEN PLACE PKWY,None,10
12TH AVE,1200,N,E 12TH AVE,W 12TH AVE,121
WELLS PL,1200,N,W WELLS PL,None,3
12TH PL,1250,N,W 12TH PL,None,2
HOLDEN PL,1250,N,W HOLDEN PL,None,2
13TH AVE,1300,N,E 13TH AVE,W 13TH AVE,133
MYRTLE PL,1350,N,W MYRTLE PL,None,3
HOWARD PL,1390,N,W HOWARD PL,None,5
14TH AVE,1400,N,E 14TH AVE,W 14TH AVE,135
14TH AVENUE PKWY,1400,N,W 14TH AVENUE PKWY,None,1
COLFAX B PL,1430,N,E COLFAX B PL,None,1
COLFAX A PL,1470,N,E COLFAX A PL,None,1
COLFAX AVE,1500,N,E COLFAX AVE,W COLFAX AVE,232
CONEJOS PL,1550,N,W CONEJOS PL,None,12
16TH AVE,1600,N,E 16TH AVE,W 16TH AVE,108
ANNIE PL,1610,N,W ANNIE PL,None,2
BATAVIA PL,1640,N,E BATAVIA PL,None,15
17TH AVE,1700,N,E 17TH AVE,W 17TH AVE,84
17TH AVENUE PKWY,1700,N,E 17TH AVENUE PKWY,None,46
DICK CONNOR AVE,1700,N,W DICK CONNOR AVE,None,1
18TH AVE,1800,N,E 18TH AVE,W 18TH AVE,45
19TH AVE,1900,N,E 19TH AVE,W 19TH AVE,68
20TH AVE,2000,N,E 20TH AVE,W 20TH AVE,41
MONTVIEW BLVD,2000,N,E MONTVIEW BLVD,None,58
20TH PL,2050,N,W 20TH PL,None,1
21ST AVE,2100,N,E 21ST AVE,W 21ST AVE,40
PARK PL,2130,N,E PARK PL,None,1
22ND AVE,2200,N,E 22ND AVE,W 22ND AVE,70
FRONT VIEW CRES,2200,N,W FRONT VIEW CRES,None,1
22ND PL,2250,N,E 22ND PL,None,1
23RD AVE,2300,N,E 23RD AVE,W 23RD AVE,84
24TH AVE,2400,N,E 24TH AVE,W 24TH AVE,44
24TH PL,2450,N,E 24TH PL,None,4
BYRON PL,2450,N,W BYRON PL,None,17
25TH AVE,2500,N,E 25TH AVE,W 25TH AVE,71
25TH PL,2530,N,E 25TH PL,None,2
BARNETT PL,2550,N,W BARNETT PL,None,3
25TH DR,2560,N,E 25TH DR,None,10
26TH AVE,2600,N,E 26TH AVE,W 26TH AVE,116
26TH AVENUE PKWY,2600,N,E 26TH AVENUE PKWY,None,15
27TH AVE,2700,N,E 27TH AVE,W 27TH AVE,51
27TH DR,2770,N,E 27TH DR,None,2
28TH AVE,2800,N,E 28TH AVE,W 28TH AVE,107
28TH DR,2820,N,E 28TH DR,None,2
28TH PL,2850,N,E 28TH PL,None,12
29TH AVE,2900,N,E 29TH AVE,W 29TH AVE,144
DUNKELD PL,2920,N,W DUNKELD PL,None,3
29TH DR,2940,N,E 29TH DR,None,8
29TH PL,2950,N,E 29TH PL,None,13
HAYWARD PL,2950,N,W HAYWARD PL,None,7
30TH AVE,3000,N,E 30TH AVE,W 30TH AVE,79
DOUGLAS PL,3010,N,W DOUGLAS PL,None,1
CAITHNESS PL,3020,N,W CAITHNESS PL,None,4
31ST AVE,3100,N,E 31ST AVE,W 31ST AVE,45
31ST AVENUE DR,3100,N,E 31ST AVENUE DR,None,2
ARGYLE PL,3100,N,W ARGYLE PL,None,2
31ST PL,3130,N,E 31ST PL,None,4
32ND AVE,3200,N,E 32ND AVE,W 32ND AVE,45
MARTIN LUTHER KING BLVD,3200,N,E MARTIN LUTHER KING BLVD,None,99
MARTIN LUTHER KING JR BLVD,3200,N,E MARTIN LUTHER KING JR BLVD,None,37
MONCRIEFF PL,3250,N,W MONCRIEFF PL,None,8
THRILL PL,3250,N,E THRILL PL,None,5
33RD AVE,3300,N,E 33RD AVE,W 33RD AVE,79
34TH AVE,3400,N,E 34TH AVE,W 34TH AVE,29
BRUCE RANDOLPH AVE,3400,N,E BRUCE RANDOLPH AVE,None,34
34TH PL,3420,N,E 34TH PL,None,1
35TH AVE,3500,N,E 35TH AVE,W 35TH AVE,102
36TH AVE,3600,N,E 36TH AVE,W 36TH AVE,86
36TH PL,3650,N,W 36TH PL,None,1
37TH AVE,3700,N,E 37TH AVE,W 37TH AVE,83
CLYDE PL,3730,N,W CLYDE PL,None,4
37TH PL,3750,N,W 37TH PL,None,2
38TH AVE,3800,N,E 38TH AVE,W 38TH AVE FRONTAGE,103
38TH PL,3850,N,E 38TH PL,None,4
DENVER PL,3850,N,W DENVER PL,None,4
39TH AVE,3900,N,E 39TH AVE,W 39TH AVE,97
39TH PL,3950,N,E 39TH PL,None,3
40TH AVE,4000,N,E 40TH AVE,W 40TH AVE,86
40TH PL,4050,N,E 40TH PL,None,21
40TH DR,4070,N,E 40TH DR,None,1
41ST AVE,4100,N,E 41ST AVE,W 41ST AVE,85
ANDREWS PL,4100,N,E ANDREWS PL,None,2
41ST PL,4150,N,E 41ST PL,None,14
42ND AVE,4200,N,E 42ND AVE,W 42ND AVE,69
SMITH RD,4200,N,E SMITH RD,None,31
42ND PL,4230,N,E 42ND PL,None,3
43RD AVE,4300,N,E 43RD AVE,W 43RD AVE,87
MITCHELL PL,4330,N,E MITCHELL PL,None,16
43RD PL,4350,N,E 43RD PL,None,3
KELLY PL,4360,N,E KELLY PL,None,10
44TH AVE,4400,N,E 44TH AVE,W 44TH AVE,111
44TH PL,4450,N,E 44TH PL,None,2
45TH AVE,4500,N,E 45TH AVE,W 45TH AVE,119
CHAFFEE PL,4530,N,E CHAFFEE PL,None,6
45TH PL,4550,N,E 45TH PL,None,2
CHAFFEE PL,4550,N,W CHAFFEE PL,None,5
SCOTT PL,4550,N,E SCOTT PL,W SCOTT PL,21
46TH AVE,4600,N,E 46TH AVE,W 46TH AVE,166
46TH AVENUE DR,4650,N,E 46TH AVENUE DR,None,1
ALICE PL,4650,N,E ALICE PL,W ALICE PL,4
46TH PL,4660,N,E 46TH PL,None,3
47TH AVE,4700,N,E 47TH AVE,W 47TH AVE,114
BOLLING DR,4700,N,E BOLLING DR,None,21
47TH PL,4750,N,E 47TH PL,None,8
ELK PL,4750,N,E ELK PL,W ELK PL,25
47TH DR,4760,N,E 47TH DR,None,13
ELK DR,4770,N,E ELK DR,None,2
48TH DR,4780,N,W 48TH DR,None,11
48TH AVE,4800,N,E 48TH AVE,W 48TH AVE,145
ELGIN PL,4830,N,E ELGIN PL,None,4
48TH DR,4840,N,E 48TH DR,None,5
48TH PL,4850,N,E 48TH PL,None,21
49TH AVE,4900,N,E 49TH AVE,W 49TH AVE,95
ANDREWS DR,4900,N,E ANDREWS DR,None,63
49TH DR,4920,N,W 49TH DR,None,1
DIXIE PL,4930,N,W DIXIE PL,None,4
49TH PL,4950,N,E 49TH PL,None,8
50TH AVE,5000,N,E 50TH AVE,W 50TH AVE,92
REGIS BLVD,5000,N,W REGIS BLVD,None,16
50TH WAY,5020,N,E 50TH WAY,None,1
STOLL PL,5030,N,E STOLL PL,W STOLL PL,8
50TH DR,5050,N,E 50TH DR,None,3
50TH PL,5060,N,E 50TH PL,None,9
BEEKMAN PL,5070,N,E BEEKMAN PL,W BEEKMAN PL,11
51ST AVE,5100,N,E 51ST AVE,W 51ST AVE,130
GATEWAY AVE,5100,N,E GATEWAY AVE,None,13
BURLINGTON PL,5130,N,E BURLINGTON PL,W BURLINGTON PL,9
51ST PL,5150,N,E 51ST PL,W 51ST PL,22
BERKELEY PL,5150,N,E BERKELEY PL,None,1
BERKELEY PL,5170,N,W BERKELEY PL,None,4
51ST DR,5180,N,E 51ST DR,None,3
52ND AVE,5200,N,E 52ND AVE,W 52ND AVE,93
52ND AVE DR,5230,N,E 52ND AVE DR,None,1
52ND PL,5250,N,E 52ND PL,None,4
53RD AVE,5300,N,E 53RD AVE,None,67
53RD PL,5350,N,E 53RD PL,None,9
ELMENDORF PL,5350,N,E ELMENDORF PL,None,17
HANNIBAL WAY,5350,N,E HANNIBAL WAY,None,3
54TH AVE,5400,N,E 54TH AVE,None,29
54TH PL,5450,N,E 54TH PL,None,11
55TH AVE,5500,N,E 55TH AVE,None,35
LACKLAND PL,5510,N,E LACKLAND PL,None,8
LACKLAND DR,5520,N,E LACKLAND DR,None,3
OLMSTED DR,5530,N,E OLMSTED DR,None,4
OLMSTED PL,5540,N,E OLMSTED PL,None,5
PENSACOLA DR,5540,N,E PENSACOLA DR,None,6
55TH PL,5550,N,E 55TH PL,None,16
PENSACOLA PL,5550,N,E PENSACOLA PL,None,9
MARCH PL,5560,N,E MARCH PL,None,3
ROBINS DR,5560,N,E ROBINS DR,None,27
MARCH DR,5570,N,E MARCH DR,None,6
RANDOLPH PL,5570,N,E RANDOLPH PL,None,60
56TH AVE,5600,N,E 56TH AVE,None,37
57TH AVE,5700,N,E 57TH AVE,None,4
57TH PL,5750,N,E 57TH PL,None,3
58TH AVE,5800,N,E 58TH AVE,None,3
59TH AVE,5900,N,E 59TH AVE,None,1
62ND AVE,6200,N,E 62ND AVE,None,2
63RD AVE,6300,N,E 63RD AVE,None,2
64TH AVE,6400,N,E 64TH AVE,None,3
67TH AVE,6700,N,E 67TH AVE,None,3
68TH AVE,6800,N,E 68TH AVE,None,5
69TH AVE,6900,N,E 69TH AVE,None,2
70TH AVE,7000,N,E 70TH AVE,None,5
71ST AVE,7100,N,E 71ST AVE,None,7
72ND AVE,7200,N,E 72ND AVE,None,5
73RD AVE,7300,N,E 73RD AVE,None,3
74TH AVE,7400,N,E 74TH AVE,None,3
75TH AVE,7500,N,E 75TH AVE,None,8
77TH AVE,7700,N,E 77TH AVE,None,2
78TH AVE,7800,N,E 78TH AVE,None,11
79TH AVE,7900,N,E 79TH AVE,None,2
80TH AVE,8000,N,E 80TH AVE,None,4
81ST AVE,8100,N,E 81ST AVE,None,3
82ND AVE,8200,N,E 82ND AVE,None,1
84TH AVE,8400,N,E 84TH AVE,None,16
86TH AVE,8600,N,E 86TH AVE,None,5
88TH AVE,8800,N,E 88TH AVE,None,9
92ND AVE,9200,N,E 92ND AVE,None,2
96TH AVE,9600,N,E 96TH AVE,None,5
98TH AVE,9800,N,E 98TH AVE,None,11
99TH AVE,9900,N,E 99TH AVE,None,4
100TH AVE,10000,N,E 100TH AVE,None,3
101ST AVE,10100,N,E 101ST AVE,None,5
103RD AVE,10300,N,E 103RD AVE,None,3
104TH AVE,10400,N,E 104TH AVE,None,5
109TH AVE,10900,N,E 109TH AVE,None,2
112TH AVE,11200,N,E 112TH AVE,None,2
113TH AVE,11400,N,E 113TH AVE,None,1
114TH AVE,11400,N,E 114TH AVE,None,6
54TH AVENUE DR,12400,N,E 54TH AVENUE DR,None,3
47TH AVENUE CIR,12960,N,E 47TH AVENUE CIR,None,1
HELENA ST,15500,N,E HELENA ST,None,3
SANTA FE DR,800,NW,N SANTA FE DR,None,1
KALAMATH ST,900,NW,N KALAMATH ST,None,2
ARCHER PL,50,S,E ARCHER PL,W ARCHER PL,8
BAYAUD AVE,100,S,E BAYAUD AVE,W BAYAUD AVE,119
MAPLE AVE,150,S,E MAPLE AVE,W MAPLE AVE,15
MAPLE PL,150,S,W MAPLE PL,None,1
SHANGRI LA DR,150,S,E SHANGRI LA DR,None,1
CEDAR PL,170,S,E CEDAR PL,None,6
MAPLE PL,170,S,E MAPLE PL,None,1
CEDAR AVE,200,S,E CEDAR AVE,W CEDAR AVE,108
CEDAR LN,220,S,E CEDAR LN,None,1
BYERS AVE,250,S,E BYERS AVE,None,5
BYERS DR,250,S,W BYERS DR,None,1
ALAMEDA CIR,260,S,E ALAMEDA CIR,None,1
BYERS PL,270,S,W BYERS PL,None,15
ALAMEDA AVE,300,S,E ALAMEDA AVE,W ALAMEDA AVE,168
MAR VISTA PL,320,S,E MAR VISTA PL,None,2
NEVADA PL,350,S,E NEVADA PL,W NEVADA PL,21
DAKOTA AVE,400,S,E DAKOTA AVE,W DAKOTA AVE,76
ALASKA DR,450,S,E ALASKA DR,None,1
ALASKA PL,450,S,W ALASKA PL,None,14
VIRGINIA AVE,500,S,E VIRGINIA AVE,W VIRGINIA AVE,85
BINGHAM PL,520,S,W BINGHAM PL,None,3
CUSTER PL,550,S,E CUSTER PL,W CUSTER PL,23
CENTER AVE,600,S,E CENTER AVE,W CENTER AVE,57
CENTER DR,600,S,W CENTER DR,None,1
NEW YORK PL,600,S,E NEW YORK PL,None,2
GILL PL,650,S,E GILL PL,W GILL PL,15
GILL DR,680,S,E GILL DR,None,1
EXPOSITION AVE,700,S,E EXPOSITION AVE,W EXPOSITION AVE,110
BELCARO LN,720,S,E BELCARO LN,None,2
OHM WAY,750,S,E OHM WAY,None,1
WALSH PL,750,S,E WALSH PL,W WALSH PL,13
OHIO DR,770,S,E OHIO DR,None,1
BELCARO DR,800,S,E BELCARO DR,None,5
OHIO AVE,800,S,E OHIO AVE,W OHIO AVE,68
ADA PL,820,S,W ADA PL,None,10
KENTUCKY CIR,820,S,E KENTUCKY CIR,None,3
OHIO WAY,820,S,E OHIO WAY,None,5
ALYS PL,850,S,W ALYS PL,None,2
ERB PL,870,S,W ERB PL,None,1
KENTUCKY AVE,900,S,E KENTUCKY AVE,W KENTUCKY AVE,96
KENTUCKY DR,920,S,E KENTUCKY DR,None,4
FORD PL,930,S,E FORD PL,None,1
FORD PL,950,S,W FORD PL,None,3
TENNESSEE AVE,1000,S,E TENNESSEE AVE,W TENNESSEE AVE,75
HOYE PL,1050,S,W HOYE PL,None,4
MISSISSIPPI AVE,1100,S,E MISSISSIPPI AVE,W MISSISSIPPI AVE,130
MISSOURI AVE,1120,S,E MISSOURI AVE,None,4
MOSIER PL,1140,S,W MOSIER PL,None,10
KANSAS DR,1150,S,E KANSAS DR,None,1
ARIZONA AVE,1200,S,E ARIZONA AVE,W ARIZONA AVE,70
ALABAMA PL,1250,S,E ALABAMA PL,W ALABAMA PL,2
LOUISIANA AVE,1300,S,E LOUISIANA AVE,W LOUISIANA AVE,111
WYOMING PL,1350,S,E WYOMING PL,W WYOMING PL,10
ARKANSAS AVE,1400,S,E ARKANSAS AVE,W ARKANSAS AVE,78
IDAHO PL,1450,S,E IDAHO PL,W IDAHO PL,2
FLORIDA AVE,1500,S,E FLORIDA AVE,W FLORIDA AVE,125
GUNNISON DR,1550,S,W GUNNISON DR,None,5
GUNNISON PL,1550,S,E GUNNISON PL,W GUNNISON PL,12
IOWA AVE,1600,S,E IOWA AVE,W IOWA AVE,96
OREGON PL,1650,S,E OREGON PL,W OREGON PL,5
MEXICO AVE,1700,S,E MEXICO AVE,W MEXICO AVE,110
MONTANA PL,1750,S,E MONTANA PL,None,8
COLORADO AVE,1800,S,E COLORADO AVE,W COLORADO AVE,93
COLORADO DR,1800,S,E COLORADO DR,None,2
UTAH PL,1830,S,E UTAH PL,None,3
BAILS DR,1840,S,E BAILS DR,None,1
BAILS PL,1850,S,E BAILS PL,W BAILS PL,5
JEWELL AVE,1900,S,E JEWELL AVE,W JEWELL AVE,125
ATLANTIC PL,1940,S,E ATLANTIC PL,None,4
ATLANTIC PL,1950,S,W ATLANTIC PL,None,1
ASBURY AVE,2000,S,E ASBURY AVE,W ASBURY AVE,67
PANORAMA LN,2000,S,E PANORAMA LN,None,2
ASBURY CIR,2010,S,E ASBURY CIR,None,1
COLORADO CENTER DR,2010,S,E COLORADO CENTER DR,None,1
PACIFIC PL,2050,S,E PACIFIC PL,W PACIFIC PL,6
EVANS AVE,2100,S,E EVANS AVE,W EVANS AVE SERVICE,140
GREEN MEADOWS PL,2120,S,W GREEN MEADOWS PL,None,5
HARVEY PL,2130,S,W HARVEY PL,None,2
EVANS PL,2150,S,E EVANS PL,W EVANS PL,3
WARREN AVE,2200,S,E WARREN AVE,W WARREN AVE,91
WARREN DR,2210,S,E WARREN DR,None,6
DONALD AVE,2250,S,E DONALD AVE,None,1
ILIFF AVE,2300,S,E ILIFF AVE,W ILIFF AVE,98
JEROME AVE,2320,S,E JEROME AVE,None,1
ILIFF PL,2350,S,E ILIFF PL,None,2
WESLEY PL,2380,S,E WESLEY PL,None,1
WESLEY AVE,2400,S,E WESLEY AVE,W WESLEY AVE,63
DICKENSON PL,2450,S,E DICKENSON PL,None,11
BAKER PL,2460,S,E BAKER PL,None,5
HARVARD LN,2470,S,E HARVARD LN,None,3
HARVARD AVE,2500,S,E HARVARD AVE,W HARVARD AVE,74
HILLSIDE PL,2530,S,E HILLSIDE PL,W HILLSIDE PL,3
LASALLE PL,2530,S,E LASALLE PL,None,8
HILLSIDE AVE,2550,S,W HILLSIDE AVE,None,2
VASSAR LN,2550,S,E VASSAR LN,None,1
VASSAR AVE,2600,S,E VASSAR AVE,W VASSAR AVE,85
VASSAR DR,2600,S,E VASSAR DR,None,1
LAKERIDGE RD,2610,S,W LAKERIDGE RD,None,3
WATER AVE,2620,S,W WATER AVE,None,2
VILLANOVA PL,2640,S,E VILLANOVA PL,None,4
YALE CIR,2650,S,E YALE CIR,None,1
MARTINDALE DR,2670,S,E MARTINDALE DR,None,1
COLLEGE AVE,2680,S,W COLLEGE AVE,None,3
ASPEN CT,2690,S,W ASPEN CT,None,1
YALE AVE,2700,S,E YALE AVE,W YALE AVE,155
YALE WAY,2700,S,E YALE WAY,None,5
LINVALE PL,2720,S,E LINVALE PL,None,3
NIELSEN LN,2740,S,E NIELSEN LN,None,6
LINVALE PL,2750,S,W LINVALE PL,None,13
AMHERST AVE,2800,S,E AMHERST AVE,W AMHERST AVE,87
AMHERST CIR,2810,S,E AMHERST CIR,None,1
BROWN PL,2840,S,E BROWN PL,W BROWN PL,3
AMHERST DR,2850,S,E AMHERST DR,None,2
BATES AVE,2900,S,E BATES AVE,W BATES AVE,49
BATES DR,2940,S,E BATES DR,None,5
BETHANY PL,2950,S,E BETHANY PL,None,6
BUCKNELL PL,2950,S,E BUCKNELL PL,None,4
CAMPUS PL,2960,S,E CAMPUS PL,None,2
CORNELL AVE,3000,S,E CORNELL AVE,W CORNELL AVE,78
CORNELL DR,3010,S,E CORNELL DR,None,5
JERSEY PL,3020,S,E JERSEY PL,None,1
COLUMBIA PL,3050,S,E COLUMBIA PL,W COLUMBIA PL,16
PLUM PL,3060,S,E PLUM PL,None,3
COLGATE DR,3070,S,W COLGATE DR,None,1
COLGATE PL,3070,S,E COLGATE PL,W COLGATE PL,5
DARTMOUTH AVE,3100,S,E DARTMOUTH AVE,W DARTMOUTH AVE,117
DOANE PL,3120,S,E DOANE PL,None,4
DARTMOUTH PL,3150,S,E DARTMOUTH PL,None,4
DUKE PL,3150,S,E DUKE PL,None,1
DILLARD PL,3180,S,E DILLARD PL,None,1
EASTMAN AVE,3200,S,E EASTMAN AVE,W EASTMAN AVE,42
ELDORADO PL,3230,S,W ELDORADO PL,None,5
ELDORADO PL,3250,S,E ELDORADO PL,None,3
FLORA PL,3250,S,E FLORA PL,W FLORA PL,14
FLOYD PL,3250,S,E FLOYD PL,None,2
EASTMAN PL,3280,S,E EASTMAN PL,None,9
FLOYD DR,3280,S,E FLOYD DR,None,5
FLOYD AVE,3300,S,E FLOYD AVE,W FLOYD AVE,45
FLOYD CIR,3320,S,E FLOYD CIR,None,1
GREENWOOD PL,3350,S,E GREENWOOD PL,W GREENWOOD PL,4
GIRARD AVE,3400,S,E GIRARD AVE,W GIRARD AVE,49
GRAMBLING DR,3410,S,W GRAMBLING DR,None,1
GREENSBOROUGH PL,3430,S,W GREENSBOROUGH PL,None,1
HAMILTON AVE,3450,S,W HAMILTON AVE,None,3
HAMILTON PL,3450,S,E HAMILTON PL,W HAMILTON PL,9
HAMPDEN AVE,3500,S,E HAMPDEN AVE,W HAMPDEN AVE SERVICE S,74
ITHACA PL,3550,S,E ITHACA PL,W ITHACA PL,4
JEFFERSON AVE,3600,S,E JEFFERSON AVE,W JEFFERSON AVE,13
JEFFERSON DR,3600,S,E JEFFERSON DR,None,1
HAMPDEN CIR,3610,S,E HAMPDEN CIR,None,4
JARVIS PL,3650,S,E JARVIS PL,W JARVIS PL,4
JEFFERSON PL,3650,S,E JEFFERSON PL,None,2
KENYON AVE,3700,S,E KENYON AVE,W KENYON AVE,60
KENYON DR,3720,S,E KENYON DR,None,3
KENT PL,3750,S,E KENT PL,W KENT PL,3
KENYON PL,3750,S,E KENYON PL,None,1
LEHIGH AVE,3800,S,E LEHIGH AVE,W LEHIGH AVE,36
LEHIGH DR,3810,S,E LEHIGH DR,None,2
MILAN PL,3850,S,E MILAN PL,W MILAN PL,3
LEHIGH PL,3890,S,E LEHIGH PL,None,1
MANSFIELD AVE,3900,S,E MANSFIELD AVE,W MANSFIELD AVE,53
MARQUETTE DR,3910,S,W MARQUETTE DR,None,1
NASSAU AVE,4000,S,E NASSAU AVE,None,13
NAVARRO PL,4040,S,E NAVARRO PL,None,1
OXFORD DR,4070,S,E OXFORD DR,None,12
NAPA PL,4080,S,E NAPA PL,None,2
OXFORD AVE,4100,S,E OXFORD AVE,W OXFORD AVE,17
OBERLIN DR,4150,S,W OBERLIN DR,None,2
OBERLIN PL,4150,S,E OBERLIN PL,W OBERLIN PL,2
PRINCETON AVE,4200,S,E PRINCETON AVE,W PRINCETON AVE,36
PRINCETON CIR,4250,S,W PRINCETON CIR,None,2
PRINCETON PL,4250,S,W PRINCETON PL,None,1
PRINCETON DR,4270,S,W PRINCETON DR,None,2
QUINCY AVE,4300,S,E QUINCY AVE,W QUINCY AVE,43
QUINN PL,4320,S,W QUINN PL,None,4
QUIGLEY DR,4360,S,W QUIGLEY DR,None,1
HIGHLINE PL,4400,S,E HIGHLINE PL,None,3
RADCLIFF AVE,4400,S,E RADCLIFF AVE,W RADCLIFF AVE,15
RUTGERS PL,4430,S,W RUTGERS PL,None,2
RICE PL,4440,S,W RICE PL,None,5
ROANOKE PL,4480,S,W ROANOKE PL,None,1
STANFORD AVE,4500,S,W STANFORD AVE,None,21
STETSON PL,4550,S,W STETSON PL,None,9
TUFTS AVE,4600,S,E TUFTS AVE,W TUFTS AVE,30
TUFTS CIR,4630,S,W TUFTS CIR,None,1
TEMPLE PL,4650,S,W TEMPLE PL,None,4
PIMLICO AVE,4680,S,W PIMLICO AVE,None,1
TEMPLE DR,4700,S,E TEMPLE DR,None,5
UNION AVE,4700,S,E UNION AVE,W UNION AVE,65
WAGONTRAIL DR,4730,S,W WAGONTRAIL DR,None,17
SANTA ANITA DR,4740,S,W SANTA ANITA DR,None,1
TANFORAN DR,4750,S,W TANFORAN DR,None,4
LAYTON AVE,4800,S,E LAYTON AVE,W LAYTON AVE,14
WAGONTRAIL CIR,4830,S,W WAGONTRAIL CIR,None,1
SARATOGA AVE,4840,S,W SARATOGA AVE,None,5
SARATOGA PL,4850,S,E SARATOGA PL,W SARATOGA PL,16
FRONTIER PL,4860,S,E FRONTIER PL,None,1
CHENANGO AVE,4900,S,E CHENANGO AVE,W CHENANGO AVE,8
CHENANGO PL,4950,S,W CHENANGO PL,None,1
DUMBARTON PL,4950,S,W DUMBARTON PL,None,2
GRAND AVE,5000,S,E GRAND AVE,W GRAND AVE,7
MONMOUTH PL,5030,S,E MONMOUTH PL,None,1
BELLEWOOD PL,5060,S,E BELLEWOOD PL,W BELLEWOOD PL,13
BELLEVIEW AVE,5100,S,E BELLEVIEW AVE,W BELLEVIEW AVE,36
MONMOUTH AVE,5100,S,W MONMOUTH AVE,None,4
BELLEWOOD DR,5120,S,W BELLEWOOD DR,None,2
PROGRESS AVE,5200,S,W PROGRESS AVE,None,2
PRENTICE AVE,5300,S,W PRENTICE AVE,None,5
PRENTICE CT,5300,S,W PRENTICE CT,None,1
PRENTICE PL,5350,S,W PRENTICE PL,None,2
CRESTLINE AVE,5400,S,W CRESTLINE AVE,None,11
PRENTICE CIR,5430,S,W PRENTICE CIR,None,3
BERRY AVE,5500,S,W BERRY AVE,None,9
CROSS DR,5600,S,W CROSS DR,None,2
ALAMO DR,5650,S,W ALAMO DR,None,7
GRANT RANCH BLVD,5700,S,W GRANT RANCH BLVD,None,10
DORADO DR,6600,S,W DORADO DR,None,2
LONG DR,6600,S,W LONG DR,None,1
SUMAC AVE,6700,S,W SUMAC AVE,None,7
MERCER PL,7300,S,E MERCER PL,None,2
ACOMA ST,100,W,N ACOMA ST,S ACOMA ST,31
BANNOCK ST,200,W,N BANNOCK ST,S BANNOCK ST,47
CAHITA CT,230,W,N CAHITA CT,None,1
DENARGO ST,250,W,N DENARGO ST,None,1
CHEROKEE ST,300,W,N CHEROKEE ST,S CHEROKEE ST,40
DELAWARE ST,400,W,N DELAWARE ST,S DELAWARE ST,28
ELATI ST,500,W,N ELATI ST,S ELATI ST,27
FOX ST,600,W,N FOX ST,S FOX ST,41
GALAPAGO ST,700,W,N GALAPAGO ST,S GALAPAGO ST,25
HURON ST,800,W,N HURON ST,S HURON ST,11
INCA ST,900,W,N INCA ST,S INCA ST,25
JASON ST,1000,W,N JASON ST,S JASON ST,23
SANTA FE DR,1000,W,N SANTA FE DR,S SANTA FE DR,64
JASON ST,1100,W,N JASON ST,None,5
KALAMATH ST,1100,W,N KALAMATH ST,S KALAMATH ST,48
KALAMATH ST,1200,W,N KALAMATH ST,None,5
LIPAN ST,1200,W,N LIPAN ST,S LIPAN ST,52
LIPAN ST,1300,W,N LIPAN ST,None,7
MARIPOSA ST,1300,W,N MARIPOSA ST,S MARIPOSA ST,18
MARIPOSA WAY,1300,W,N MARIPOSA WAY,S MARIPOSA WAY,2
MARIPOSA ST,1400,W,N MARIPOSA ST,None,6
NAVAJO ST,1400,W,N NAVAJO ST,S NAVAJO ST,29
RIO GRANDE BLVD,1400,W,N RIO GRANDE BLVD,None,1
NAVAJO ST,1500,W,N NAVAJO ST,None,8
OSAGE ST,1500,W,N OSAGE ST,S OSAGE ST,35
SEMINOLE ST,1500,W,N SEMINOLE ST,None,1
RIO CT,1530,W,N RIO CT,None,4
SEMINOLE RD,1550,W,N SEMINOLE RD,None,2
OSAGE ST,1600,W,N OSAGE ST,None,9
PECOS ST,1600,W,N PECOS ST,S PECOS ST,42
COTTONWOOD ST,1650,W,N COTTONWOOD ST,None,1
PETERSON WAY,1650,W,S PETERSON WAY,None,2
PETERSON CT,1660,W,N PETERSON CT,None,2
PECOS ST,1700,W,N PECOS ST,None,10
PECOS WAY,1700,W,S PECOS WAY,None,1
QUIVAS ST,1700,W,N QUIVAS ST,S QUIVAS ST,26
QUIETO CT,1750,W,N QUIETO CT,S QUIETO CT,3
QUIETO WAY,1760,W,S QUIETO WAY,None,3
QUIVAS CIR,1800,W,S QUIVAS CIR,None,1
QUIVAS ST,1800,W,N QUIVAS ST,None,9
RARITAN ST,1800,W,N RARITAN ST,S RARITAN ST,38
STEVENS CT,1810,W,N STEVENS CT,None,1
RARITAN CT,1840,W,N RARITAN CT,None,1
RARITAN WAY,1850,W,N RARITAN WAY,None,2
SENECA CT,1850,W,S SENECA CT,None,1
SENECA WAY,1850,W,S SENECA WAY,None,1
SHOSHONE ST,1900,W,N SHOSHONE ST,S SHOSHONE ST,40
TAOS WAY,1930,W,S TAOS WAY,None,1
TEJON ST,2000,W,N TEJON ST,S TEJON ST,64
UMATILLA ST,2100,W,N UMATILLA ST,S UMATILLA ST,26
UMATILLA WAY,2100,W,S UMATILLA WAY,None,3
VALLEJO ST,2200,W,N VALLEJO ST,S VALLEJO ST,51
WYANDOT ST,2300,W,N WYANDOT ST,S WYANDOT ST,32
WYANDOT WAY,2300,W,S WYANDOT WAY,None,1
XINCA CT,2330,W,N XINCA CT,None,1
YUMA CT,2330,W,N YUMA CT,None,1
YUMA ST,2360,W,S YUMA ST,None,6
YUMA ST,2400,W,N YUMA ST,None,8
ZUNI ST,2400,W,N ZUNI ST,S ZUNI ST,90
FIRTH CT,2470,W,N FIRTH CT,None,1
ALCOTT ST,2500,W,N ALCOTT ST,S ALCOTT ST,47
FIFE CT,2530,W,N FIFE CT,None,3
ALCOTT WAY,2550,W,N ALCOTT WAY,None,1
BEACH CT,2550,W,N BEACH CT,S BEACH CT,13
BRYANT ST,2600,W,N BRYANT ST,S BRYANT ST,74
CARLAN CT,2620,W,S CARLAN CT,None,3
BRYANT WAY,2650,W,N BRYANT WAY,None,1
CANOSA CT,2650,W,N CANOSA CT,S CANOSA CT,18
CANOSA WAY,2650,W,S CANOSA WAY,None,1
CLAY ST,2700,W,N CLAY ST,S CLAY ST,72
CLAY WAY,2700,W,N CLAY WAY,None,1
DALE CT,2750,W,N DALE CT,S DALE CT,19
DECATUR ST,2800,W,N DECATUR ST,S DECATUR ST,76
ELIOT ST,2800,W,N ELIOT ST,None,1
ELM CT,2850,W,N ELM CT,None,8
ELIOT ST,2900,W,N ELIOT ST,S ELIOT ST,46
FEDERAL BLVD,3000,W,N FEDERAL BLVD,S FEDERAL BLVD,154
GREEN CT,3050,W,N GREEN CT,S GREEN CT,6
GROVE ST,3100,W,N GROVE ST,S GROVE ST,54
HAZEL CT,3150,W,N HAZEL CT,S HAZEL CT,37
HAZEL WAY,3160,W,S HAZEL WAY,None,1
HOOKER WAY,3180,W,S HOOKER WAY,None,3
HAWTHORNE ST,3200,W,S HAWTHORNE ST,None,2
HOOKER CIR,3200,W,S HOOKER CIR,None,2
HOOKER ST,3200,W,N HOOKER ST,S HOOKER ST,40
IRVING ST,3300,W,N IRVING ST,S IRVING ST,114
JAVA CT,3350,W,N JAVA CT,None,3
JAVA WAY,3350,W,S JAVA WAY,None,2
JULIAN CIR,3400,W,S JULIAN CIR,None,2
JULIAN ST,3400,W,N JULIAN ST,S JULIAN ST,59
JULIAN WAY,3400,W,S JULIAN WAY,None,7
JULIAN WAY,3450,W,N JULIAN WAY,None,3
KNOX CT,3450,W,N KNOX CT,S KNOX CT,59
KING ST,3500,W,N KING ST,S KING ST,51
KING WAY,3500,W,N KING WAY,S KING WAY,5
KING CT,3550,W,S KING CT,None,1
LINLEY CT,3550,W,N LINLEY CT,S LINLEY CT,8
LOWELL BLVD,3600,W,N LOWELL BLVD,S LOWELL BLVD,137
MABRY CT,3640,W,S MABRY CT,None,1
MABRY WAY,3650,W,S MABRY WAY,None,6
MICHIGAN WAY,3670,W,S MICHIGAN WAY,None,5
MEADE ST,3700,W,N MEADE ST,S MEADE ST,72
NEWTON ST,3800,W,N NEWTON ST,S NEWTON ST,78
NEWTON WAY,3850,W,S NEWTON WAY,None,1
OSCEOLA ST,3900,W,N OSCEOLA ST,S OSCEOLA ST,65
OSCEOLA WAY,3900,W,S OSCEOLA WAY,None,5
PASEO WAY,3950,W,S PASEO WAY,None,2
PATTON CT,3950,W,S PATTON CT,None,34
PATTON WAY,3960,W,S PATTON WAY,None,3
PERRY ST,4000,W,N PERRY ST,S PERRY ST,78
PERRY WAY,4000,W,S PERRY WAY,None,5
QUITMAN ST,4100,W,N QUITMAN ST,S QUITMAN ST,86
QUITMAN WAY,4100,W,S QUITMAN WAY,None,1
RALEIGH ST,4200,W,N RALEIGH ST,S RALEIGH ST,86
STUART CT,4250,W,N STUART CT,None,2
STUART ST,4300,W,N STUART ST,S STUART ST,74
STUART WAY,4300,W,S STUART WAY,None,2
SUNSET WAY,4310,W,S SUNSET WAY,None,1
STUART CT,4370,W,S STUART CT,None,1
TENNYSON ST,4400,W,N TENNYSON ST,S TENNYSON ST,64
TENNYSON WAY,4400,W,S TENNYSON WAY,None,7
UNO CT,4430,W,N UNO CT,None,1
JAY CT,4450,W,S JAY CT,None,1
UNO WAY,4450,W,S UNO WAY,None,1
UTICA ST,4500,W,N UTICA ST,S UTICA ST,69
VRAIN ST,4600,W,N VRAIN ST,S VRAIN ST,61
WINDSOR DR,4600,W,S WINDSOR DR,None,3
VRAIN WAY,4650,W,S VRAIN WAY,None,1
WINONA CT,4700,W,N WINONA CT,S WINONA CT,43
WINONA WAY,4710,W,S WINONA WAY,None,1
WEIR DR,4800,W,S WEIR DR,None,4
WOLFF ST,4800,W,N WOLFF ST,S WOLFF ST,81
WOLFF WAY,4800,W,S WOLFF WAY,None,2
WOLCOTT CT,4850,W,S WOLCOTT CT,None,8
WOLCOTT WAY,4850,W,S WOLCOTT WAY,None,1
XAVIER ST,4900,W,N XAVIER ST,S XAVIER ST,50
XAVIER WAY,4900,W,S XAVIER WAY,None,1
YATES WAY,4950,W,S YATES WAY,None,3
YOUNG CT,4950,W,N YOUNG CT,None,2
YATES ST,5000,W,N YATES ST,S YATES ST,63
AMES WAY,5010,W,N AMES WAY,None,1
ZENOBIA ST,5100,W,N ZENOBIA ST,S ZENOBIA ST,52
ZENOBIA WAY,5100,W,S ZENOBIA WAY,None,1
ZURICH CT,5150,W,S ZURICH CT,None,10
SHERIDAN BLVD,5200,W,N SHERIDAN BLVD,S SHERIDAN BLVD,135
AMES WAY,5250,W,S AMES WAY,None,3
AMES ST,5300,W,N AMES ST,S AMES ST,5
BENTON WAY,5330,W,N BENTON WAY,None,2
BENTON WAY,5350,W,S BENTON WAY,None,2
COLUMBINE RD,5350,W,N COLUMBINE RD,None,2
BENTON ST,5400,W,N BENTON ST,S BENTON ST,5
CHASE ST,5500,W,N CHASE ST,S CHASE ST,8
CHASE WAY,5550,W,S CHASE WAY,None,2
DEPEW WAY,5580,W,S DEPEW WAY,None,1
DEPEW ST,5600,W,N DEPEW ST,S DEPEW ST,10
DEPEW CT,5650,W,N DEPEW CT,None,3
EATON ST,5700,W,N EATON ST,S EATON ST,11
EATON WAY,5700,W,S EATON WAY,None,2
PINEHURST CIR,5710,W,S PINEHURST CIR,None,2
FENTON WAY,5750,W,S FENTON WAY,None,1
FENTON ST,5800,W,N FENTON ST,S FENTON ST,14
GOLDEN CT,5850,W,N GOLDEN CT,S GOLDEN CT,4
GOLDEN WAY,5860,W,S GOLDEN WAY,None,6
GRAY ST,5900,W,N GRAY ST,S GRAY ST,15
GRAY WAY,5900,W,S GRAY WAY,None,1
HOBART WAY,5930,W,S HOBART WAY,None,2
HURLEY CIR,5970,W,S HURLEY CIR,None,1
HARLAN ST,6000,W,N HARLAN ST,S HARLAN ST,17
HARLAN WAY,6000,W,S HARLAN WAY,None,7
IVAN WAY,6050,W,S IVAN WAY,None,5
IVAN CT,6060,W,S IVAN CT,None,1
INGALLS ST,6100,W,S INGALLS ST,None,7
INGALLS WAY,6120,W,S INGALLS WAY,None,3
JOSLIN CT,6150,W,S JOSLIN CT,None,5
JAY ST,6200,W,S JAY ST,None,5
JAY CIR,6250,W,S JAY CIR,None,9
KNOXVILLE WAY,6250,W,S KNOXVILLE WAY,None,2
JAY DR,6270,W,S JAY DR,None,2
KENDALL ST,6300,W,S KENDALL ST,None,8
KENDALL WAY,6300,W,S KENDALL WAY,None,1
ALAMO CT,6340,W,S ALAMO CT,None,1
LAMAR PL,6350,W,S LAMAR PL,None,1
LAMAR ST,6400,W,S LAMAR ST,None,10
MARSHALL ST,6500,W,S MARSHALL ST,None,6
MARSHALL WAY,6510,W,S MARSHALL WAY,None,1
NEWLAND ST,6600,W,S NEWLAND ST,None,9
NEWLAND WAY,6620,W,S NEWLAND WAY,None,2
NEWLAND CT,6650,W,S NEWLAND CT,None,1
OTIS ST,6700,W,S OTIS ST,None,3
OTIS CT,6750,W,S OTIS CT,None,1
PIERCE ST,6800,W,S PIERCE ST,None,7
QUAY WAY,6900,W,S QUAY WAY,None,3
REED ST,7000,W,S REED ST,None,4
SAULSBURY ST,7100,W,S SAULSBURY ST,None,2
1ST ST,100,NE,1ST ST,None,3
4TH ST,400,NE,4TH ST,None,1
5TH ST,500,NE,5TH ST,None,6
7TH ST,700,NE,7TH ST,None,8
8TH ST,800,NE,8TH ST,None,1
9TH ST,900,NE,9TH ST,None,6
10TH ST,1000,NE,10TH ST,None,3
11TH ST,1100,NE,11TH ST,None,5
12TH ST,1200,NE,12TH ST,None,4
13TH ST,1300,NE,13TH ST,None,6
14TH ST,1400,NE,14TH ST,None,16
15TH ST,1500,NE,15TH ST,None,26
16TH ST,1600,NE,16TH ST,None,21
17TH ST,1700,NE,17TH ST,None,20
18TH ST,1800,NE,18TH ST,None,20
19TH ST,1900,NE,19TH ST,None,21
20TH ST,2000,NE,20TH ST,None,21
21ST ST,2100,NE,21ST ST,None,14
24TH ST,2400,NE,24TH ST,None,13
25TH ST,2500,NE,25TH ST,None,11
26TH ST,2600,NE,26TH ST,None,10
27TH ST,2700,NE,27TH ST,None,9
28TH ST,2800,NE,28TH ST,None,12
29TH ST,2900,NE,29TH ST,None,11
30TH ST,3000,NE,30TH ST,None,10
31ST ST,3100,NE,31ST ST,None,16
33RD ST,3300,NE,33RD ST,None,6
34TH ST,3400,NE,34TH ST,None,5
35TH ST,3500,NE,35TH ST,None,9
36TH ST,3600,NE,36TH ST,None,8
38TH ST,3800,NE,38TH ST,None,10
39TH ST,3900,NE,39TH ST,None,1
40TH ST,4000,NE,40TH ST,None,3
44TH ST,4400,NE,44TH ST,None,5
CHEYENNE PL,100,NW,CHEYENNE PL,None,1
CLEVELAND PL,200,NW,CLEVELAND PL,None,2
COURT PL,300,NW,COURT PL,None,7
TREMONT PL,400,NW,TREMONT PL,None,14
GLENARM PL,500,NW,GLENARM PL,None,19
WELTON ST,600,NW,WELTON ST,None,23
CALIFORNIA ST,700,NW,CALIFORNIA ST,None,18
STOUT ST,800,NW,STOUT ST,None,23
CHAMPA ST,900,NW,CHAMPA ST,None,26
CURTIS ST,1000,NW,CURTIS ST,None,27
ARAPAHOE ST,1100,NW,ARAPAHOE ST,None,25
LAWRENCE ST,1200,NW,LAWRENCE ST,None,29
LARIMER ST,1300,NW,LARIMER ST,None,30
MARKET ST,1400,NW,MARKET ST,None,12
WALNUT ST,1400,NW,WALNUT ST,None,24
BLAKE ST,1500,NW,BLAKE ST,None,27
WAZEE ST,1600,NW,WAZEE ST,None,12
WYNKOOP ST,1700,NW,WYNKOOP ST,None,12
WEWATTA ST,1800,NW,WEWATTA ST,None,8
DELGANY ST,1900,NW,DELGANY ST,None,13
CHESTNUT PL,2050,NW,CHESTNUT PL,None,8
BASSETT ST,2100,NW,BASSETT ST,None,2
WATER ST,2300,NW,WATER ST,None,2
PLATTE ST,2400,NW,PLATTE ST,None,4
CENTRAL ST,2500,NW,CENTRAL ST,None,7
BOULDER ST,2600,NW,BOULDER ST,None,5
ERIE ST,2700,NW,ERIE ST,None,2
BROADWAY,0,,N BROADWAY,S BROADWAY,100
ELLSWORTH AVE,0,,E ELLSWORTH AVE,W ELLSWORTH AVE,83
LEAF CT,50,E,N LEAF CT,None,6
LINCOLN ST,100,E,N LINCOLN ST,S LINCOLN ST,65
SHERMAN ST,200,E,N SHERMAN ST,S SHERMAN ST,61
GRANT ST,300,E,N GRANT ST,S GRANT ST,54
CLARK PL,350,E,N CLARK PL,None,2
LOGAN ST,400,E,N LOGAN ST,S LOGAN ST,80
PENNSYLVANIA ST,500,E,N PENNSYLVANIA ST,S PENNSYLVANIA ST,48
CLARKSON CT,550,E,N CLARKSON CT,None,1
PINON CT,550,E,S PINON CT,None,1
PEARL ST,600,E,N PEARL ST,S PEARL ST,53
WASHINGTON ST,700,E,N WASHINGTON ST,S WASHINGTON ST,72
CLARKSON ST,800,E,N CLARKSON ST,S CLARKSON ST,54
EMERSON ST,900,E,N EMERSON ST,S EMERSON ST,56
OGDEN ST,1000,E,N OGDEN ST,S OGDEN ST,49
CORONA ST,1100,E,N CORONA ST,S CORONA ST,41
DOWNING ST,1200,E,N DOWNING ST,S DOWNING ST,84
DOWNING STREET PKWY,1200,E,N DOWNING STREET PKWY,S DOWNING STREET PKWY,9
DOWNING CIR,1220,E,S DOWNING CIR,None,1
MARION ST,1300,E,N MARION ST,S MARION ST,54
MARION STREET PKWY,1300,E,S MARION STREET PKWY,None,10
MARION CIR,1310,E,S MARION CIR,None,1
LAFAYETTE CIR,1350,E,S LAFAYETTE CIR,None,1
LAFAYETTE ST,1400,E,N LAFAYETTE ST,S LAFAYETTE ST,57
HUMBOLDT ST,1500,E,N HUMBOLDT ST,S HUMBOLDT ST,55
FRANKLIN ST,1600,E,N FRANKLIN ST,S FRANKLIN ST,87
BALDWIN CT,1650,E,N BALDWIN CT,None,2
GILPIN ST,1700,E,N GILPIN ST,S GILPIN ST,65
WILLIAMS ST,1800,E,N WILLIAMS ST,S WILLIAMS ST,58
HIGH ST,1900,E,N HIGH ST,S HIGH ST,78
RACE CT,1950,E,N RACE CT,None,6
RACE ST,2000,E,N RACE ST,S RACE ST,79
VINE ST,2100,E,N VINE ST,S VINE ST,61
GAYLORD ST,2200,E,N GAYLORD ST,S GAYLORD ST,61
CLAUDE CT,2250,E,N CLAUDE CT,S CLAUDE CT,4
CIRCLE DR,2300,E,N CIRCLE DR,None,3
YORK ST,2300,E,N YORK ST,S YORK ST,72
UNIVERSITY BLVD,2350,E,N UNIVERSITY BLVD,S UNIVERSITY BLVD,66
JOSEPHINE ST,2400,E,N JOSEPHINE ST,S JOSEPHINE ST,68
COLUMBINE CIR,2500,E,S COLUMBINE CIR,None,2
COLUMBINE ST,2500,E,N COLUMBINE ST,S COLUMBINE ST,64
ELIZABETH ST,2600,E,N ELIZABETH ST,S ELIZABETH ST,41
ELLIPSE WAY,2600,E,S ELLIPSE WAY,None,2
EUCLID WAY,2600,E,S EUCLID WAY,None,1
THOMPSON CT,2650,E,N THOMPSON CT,None,14
CLAYTON BLVD,2700,E,S CLAYTON BLVD,None,4
CLAYTON LN,2700,E,N CLAYTON LN,None,1
CLAYTON ST,2700,E,N CLAYTON ST,S CLAYTON ST,68
CLAYTON WAY,2700,E,S CLAYTON WAY,None,3
DALLAS WAY,2700,E,S DALLAS WAY,None,2
HILLS CT,2730,E,S HILLS CT,None,1
DETROIT ST,2800,E,N DETROIT ST,S DETROIT ST,20
DETROIT WAY,2800,E,S DETROIT WAY,None,2
FILLMORE WAY,2800,E,S FILLMORE WAY,None,4
FILLMORE ST,2900,E,N FILLMORE ST,S FILLMORE ST,69
MILWAUKEE ST,3000,E,N MILWAUKEE ST,S MILWAUKEE ST,71
MILWAUKEE WAY,3000,E,S MILWAUKEE WAY,None,2
MEDEA WAY,3040,E,S MEDEA WAY,None,1
SAINT PAUL ST,3100,E,N SAINT PAUL ST,S SAINT PAUL ST,69
LANGLEY CT,3150,E,S LANGLEY CT,None,1
MILWAUKEE CIR,3150,E,S MILWAUKEE CIR,None,1
SAINT PAUL CT,3200,E,N SAINT PAUL CT,None,1
STEELE ST,3200,E,N STEELE ST,S STEELE ST,100
ADAMS ST,3300,E,N ADAMS ST,S ADAMS ST,65
ADAMS WAY,3300,E,S ADAMS WAY,None,3
COOK ST,3400,E,N COOK ST,S COOK ST,62
MONROE WAY,3450,E,S MONROE WAY,None,1
MADISON ST,3500,E,N MADISON ST,S MADISON ST,69
WILSON CT,3500,E,N WILSON CT,None,1
MONROE ST,3600,E,N MONROE ST,S MONROE ST,68
GARFIELD WAY,3640,E,S GARFIELD WAY,None,1
GARFIELD CIR,3650,E,S GARFIELD CIR,None,1
GARFIELD ST,3700,E,N GARFIELD ST,S GARFIELD ST,59
JACKSON ST,3800,E,N JACKSON ST,S JACKSON ST,60
RICHARD ALLEN CT,3800,E,N RICHARD ALLEN CT,None,3
HADDON RD,3900,E,N HADDON RD,None,3
HARRISON ST,3900,E,N HARRISON ST,S HARRISON ST,42
HENRY PL,3900,E,S HENRY PL,None,1
HARRISON LN,3950,E,S HARRISON LN,None,7
COLORADO BLVD,4000,E,N COLORADO BLVD,S COLORADO BLVD,125
ALBION ST,4100,E,N ALBION ST,S ALBION ST,40
ASH ST,4200,E,N ASH ST,S ASH ST,43
BELLAIRE ST,4300,E,N BELLAIRE ST,S BELLAIRE ST,51
CROWN BLVD,4350,E,N CROWN BLVD,None,25
BIRCH ST,4400,E,N BIRCH ST,S BIRCH ST,50
DANUBE WAY,4400,E,N DANUBE WAY,None,2
BELO HORIZONTE PKWY,4500,E,N BELO HORIZONTE PKWY,None,8
CLERMONT ST,4500,E,N CLERMONT ST,S CLERMONT ST,48
CLERMONT STREET PKWY,4500,E,N CLERMONT STREET PKWY,None,8
CLERMONT DR,4530,E,S CLERMONT DR,None,3
CAREY WAY,4550,E,S CAREY WAY,None,1
BROOK DR,4590,E,S BROOK DR,None,4
CHERRY ST,4600,E,N CHERRY ST,S CHERRY ST,59
CHERRY WAY,4600,E,S CHERRY WAY,None,2
DENNISON CT,4650,E,S DENNISON CT,None,3
DEXTER ST,4700,E,N DEXTER ST,S DEXTER ST,45
DEXTER WAY,4720,E,S DEXTER WAY,None,3
DAHLIA LN,4750,E,S DAHLIA LN,None,5
DEXTER CT,4750,E,N DEXTER CT,None,4
DAHLIA ST,4800,E,N DAHLIA ST,S DAHLIA ST,117
EDISON WAY,4850,E,S EDISON WAY,None,1
EUDORA ST,4900,E,N EUDORA ST,S EUDORA ST,47
EUDORA WAY,4900,E,N EUDORA WAY,S EUDORA WAY,2
ELM ST,5000,E,N ELM ST,S ELM ST,60
ELM WAY,5000,E,S ELM WAY,None,1
ELM DR,5050,E,S ELM DR,None,1
EVELYN WAY,5100,E,S EVELYN WAY,None,1
FAIRFAX DR,5100,E,S FAIRFAX DR,None,1
FAIRFAX PL,5100,E,S FAIRFAX PL,None,1
FAIRFAX ST,5100,E,N FAIRFAX ST,S FAIRFAX ST,50
FILBERT CT,5150,E,N FILBERT CT,S FILBERT CT,4
FILBERT WAY,5200,E,S FILBERT WAY,None,1
FLAMINGO CT,5200,E,S FLAMINGO CT,None,2
FOREST DR,5200,E,S FOREST DR,None,1
FOREST ST,5200,E,N FOREST ST,S FOREST ST,61
FOREST STREET PKWY,5200,E,N FOREST STREET PKWY,None,7
FOREST WAY,5200,E,S FOREST WAY,None,3
FLAMINGO WAY,5250,E,S FLAMINGO WAY,None,4
GLENCOE ST,5300,E,N GLENCOE ST,S GLENCOE ST,65
GINGER CT,5350,E,S GINGER CT,None,1
GRAPE ST,5400,E,N GRAPE ST,S GRAPE ST,60
GRAPE WAY,5400,E,S GRAPE WAY,None,3
CONLEY WAY,5490,E,S CONLEY WAY,None,1
HUDSON ST,5500,E,N HUDSON ST,S HUDSON ST,51
HUDSON WAY,5500,E,S HUDSON WAY,None,1
HIBISCUS WAY,5510,E,S HIBISCUS WAY,None,3
HOLLY PL,5600,E,S HOLLY PL,None,13
HOLLY ST,5600,E,N HOLLY ST,S HOLLY ST,115
HONEY WAY,5600,E,S HONEY WAY,None,2
IVANHOE PL,5700,E,S IVANHOE PL,None,1
IVANHOE ST,5700,E,N IVANHOE ST,S IVANHOE ST,38
IVANHOE WAY,5700,E,S IVANHOE WAY,None,2
IVY LN,5800,E,N IVY LN,None,1
IVY ST,5800,E,N IVY ST,S IVY ST,45
IVY WAY,5800,E,S IVY WAY,None,11
JERSEY ST,5900,E,N JERSEY ST,S JERSEY ST,32
JERSEY WAY,5900,E,S JERSEY WAY,None,2
JASMINE PL,6000,E,S JASMINE PL,None,2
JASMINE ST,6000,E,N JASMINE ST,S JASMINE ST,50
JASMINE WAY,6000,E,S JASMINE WAY,None,3
KEARNEY LN,6100,E,S KEARNEY LN,None,1
KEARNEY ST,6100,E,N KEARNEY ST,S KEARNEY ST,62
KEARNEY WAY,6100,E,S KEARNEY WAY,None,1
KRAMERIA ST,6200,E,N KRAMERIA ST,S KRAMERIA ST,52
KRAMERIA WAY,6200,E,S KRAMERIA WAY,None,1
LEYDEN ST,6300,E,N LEYDEN ST,S LEYDEN ST,57
KIRKWOOD CT,6350,E,S KIRKWOOD CT,None,4
LINDEN CT,6350,E,S LINDEN CT,None,3
LINDEN WAY,6360,E,S LINDEN WAY,None,1
LOCUST LN,6370,E,N LOCUST LN,None,1
LOCUST ST,6400,E,N LOCUST ST,S LOCUST ST,60
MONACO ST,6500,E,N MONACO ST,None,10
MONACO STREET PKWY,6500,E,N MONACO STREET PKWY,S MONACO STREET PKWY,191
PEACH WAY,6500,E,S PEACH WAY,None,8
MAGNOLIA LN,6520,E,S MAGNOLIA LN,None,1
MIAMI CT,6550,E,S MIAMI CT,None,2
MAGNOLIA ST,6600,E,N MAGNOLIA ST,S MAGNOLIA ST,47
MAGNOLIA WAY,6600,E,S MAGNOLIA WAY,None,11
NIAGARA ST,6700,E,N NIAGARA ST,S NIAGARA ST,52
NIAGARA WAY,6700,E,S NIAGARA WAY,None,13
NORMAN CT,6750,E,S NORMAN CT,None,2
NEWPORT ST,6800,E,N NEWPORT ST,S NEWPORT ST,60
NEWPORT WAY,6800,E,S NEWPORT WAY,None,9
NARCISSUS WAY,6850,E,S NARCISSUS WAY,None,6
NEWBERRY CT,6850,E,S NEWBERRY CT,None,1
ONEIDA ST,6900,E,N ONEIDA ST,S ONEIDA ST,83
ONEIDA WAY,6900,E,S ONEIDA WAY,None,16
OLEANDER CT,6920,E,S OLEANDER CT,None,1
ONEIDA CT,6950,E,N ONEIDA CT,None,4
ORANGE CT,6950,E,N ORANGE CT,None,1
ONEIDA PL,6970,E,N ONEIDA PL,None,1
OLIVE ST,7000,E,N OLIVE ST,S OLIVE ST,53
OLIVE WAY,7000,E,S OLIVE WAY,None,4
PONTIAC ST,7100,E,N PONTIAC ST,S PONTIAC ST,49
PONTIAC WAY,7100,E,S PONTIAC WAY,None,7
POPLAR ST,7200,E,N POPLAR ST,S POPLAR ST,46
POPLAR WAY,7200,E,S POPLAR WAY,None,6
QUEBEC ST,7300,E,N QUEBEC ST,S QUEBEC ST,180
QUEBEC WAY,7300,E,S QUEBEC WAY,None,23
QUANTUM ST,7400,E,S QUANTUM ST,None,5
QUINCE ST,7400,E,N QUINCE ST,S QUINCE ST,27
QUINCE WAY,7400,E,S QUINCE WAY,None,2
TAMARAC DR,7400,E,S TAMARAC DR,None,22
TAMARAC CT,7410,E,S TAMARAC CT,None,1
ROSLYN CIR,7450,E,N ROSLYN CIR,None,1
ROSLYN ST,7500,E,N ROSLYN ST,S ROSLYN ST,51
ROSLYN WAY,7500,E,S ROSLYN WAY,None,2
READING WAY,7550,E,S READING WAY,None,1
ROSLYN CT,7550,E,N ROSLYN CT,None,1
ROSLYN WAY,7550,E,N ROSLYN WAY,None,2
READING CT,7560,E,S READING CT,None,3
RAMPART WAY,7600,E,N RAMPART WAY,None,8
ROSEMARY ST,7600,E,N ROSEMARY ST,S ROSEMARY ST,30
ROSEMARY WAY,7600,E,S ROSEMARY WAY,None,8
SIDNEY CT,7610,E,S SIDNEY CT,None,4
RED CROSS WAY,7700,E,N RED CROSS WAY,None,1
SYRACUSE ST,7700,E,N SYRACUSE ST,S SYRACUSE ST,72
SEBRING CT,7750,E,S SEBRING CT,None,3
SYRACUSE CT,7750,E,N SYRACUSE CT,None,4
SPRUCE ST,7800,E,N SPRUCE ST,S SPRUCE ST,35
SPRUCE CT,7850,E,N SPRUCE CT,None,1
SPRUCE WAY,7850,E,N SPRUCE WAY,S SPRUCE WAY,5
TRENTON CT,7850,E,S TRENTON CT,None,4
TRENTON ST,7900,E,N TRENTON ST,S TRENTON ST,39
TAMARAC ST,8000,E,N TAMARAC ST,S TAMARAC ST,13
TULARE CT,8000,E,S TULARE CT,None,3
TULARE CIR,8050,E,S TULARE CIR,None,1
TAMARAC STREET PKWY,8100,E,S TAMARAC STREET PKWY,None,10
ULSTER ST,8100,E,N ULSTER ST,S ULSTER ST,68
ULSTER CT,8150,E,S ULSTER CT,None,1
ULSTER WAY,8150,E,N ULSTER WAY,None,6
SYRACUSE WAY,8200,E,S SYRACUSE WAY,None,20
UINTA ST,8200,E,N UINTA ST,S UINTA ST,21
UINTA WAY,8200,E,N UINTA WAY,S UINTA WAY,16
UINTA CT,8250,E,S UINTA CT,None,2
DTC BLVD,8300,E,S DTC BLVD,None,17
VALENTIA CT,8300,E,S VALENTIA CT,None,2
VALENTIA ST,8300,E,N VALENTIA ST,S VALENTIA ST,23
VINCENNES CT,8330,E,S VINCENNES CT,None,3
VINCENNES WAY,8350,E,S VINCENNES WAY,None,1
CENTRAL PARK BLVD,8400,E,N CENTRAL PARK BLVD,None,17
VERBENA CT,8400,E,S VERBENA CT,None,1
VERBENA ST,8400,E,N VERBENA ST,S VERBENA ST,21
VERBENA WAY,8400,E,S VERBENA WAY,None,1
WHITING WAY,8450,E,S WHITING WAY,None,3
WABASH CT,8480,E,S WABASH CT,None,2
WABASH CIR,8500,E,S WABASH CIR,None,6
WABASH ST,8500,E,N WABASH ST,S WABASH ST,29
WISTERIA WAY,8540,E,S WISTERIA WAY,None,2
WILLOW CIR,8550,E,N WILLOW CIR,S WILLOW CIR,2
WILLOW CT,8550,E,S WILLOW CT,None,3
WISTERIA CT,8550,E,S WISTERIA CT,None,2
XENIA CT,8550,E,S XENIA CT,None,1
WILLOW ST,8600,E,N WILLOW ST,S WILLOW ST,31
WILLOW WAY,8600,E,S WILLOW WAY,None,5
WAXBERRY WAY,8630,E,S WAXBERRY WAY,None,1
AKRON WAY,8700,E,N AKRON WAY,None,4
XANTHIA CT,8700,E,S XANTHIA CT,None,2
XANTHIA ST,8700,E,N XANTHIA ST,S XANTHIA ST,22
XANTHIA WAY,8710,E,N XANTHIA WAY,None,3
XERIC WAY,8740,E,S XERIC WAY,None,1
XANTHIA CT,8750,E,N XANTHIA CT,None,4
XERIC CT,8750,E,S XERIC CT,None,2
XENIA ST,8800,E,N XENIA ST,S XENIA ST,38
YOSEMITE ST,8900,E,N YOSEMITE ST,S YOSEMITE ST,63
AKRON ST,9000,E,N AKRON ST,S AKRON ST,12
AKRON CT,9050,E,N AKRON CT,S AKRON CT,12
ALTON CT,9100,E,S ALTON CT,None,3
ALTON ST,9100,E,N ALTON ST,S ALTON ST,5
ALTON WAY,9140,E,N ALTON WAY,None,2
ALTON CT,9150,E,N ALTON CT,None,3
ALTON WAY,9180,E,S ALTON WAY,None,2
BEELER ST,9200,E,N BEELER ST,S BEELER ST,19
BOSTON CT,9300,E,S BOSTON CT,None,5
BOSTON ST,9300,E,S BOSTON ST,None,9
CHESTER CT,9400,E,S CHESTER CT,None,3
CLINTON CT,9500,E,S CLINTON CT,None,1
CLINTON ST,9500,E,N CLINTON ST,S CLINTON ST,8
CLINTON WAY,9550,E,N CLINTON WAY,None,4
DALLAS CT,9600,E,S DALLAS CT,None,4
INDEPENDENCE CT,9650,E,S INDEPENDENCE CT,None,1
DAYTON ST,9700,E,N DAYTON ST,S DAYTON ST,31
DAYTON WAY,9730,E,S DAYTON WAY,None,4
DAYTON CT,9750,E,N DAYTON CT,S DAYTON CT,8
FLORENCE WAY,9750,E,N FLORENCE WAY,None,5
EMPORIA CT,9800,E,S EMPORIA CT,None,5
EMPORIA ST,9800,E,N EMPORIA ST,S EMPORIA ST,9
EMPORIA CT,9850,E,N EMPORIA CT,None,4
ELMIRA CT,9900,E,S ELMIRA CT,None,5
ELMIRA ST,9900,E,N ELMIRA ST,S ELMIRA ST,10
ELMIRA CT,9940,E,N ELMIRA CT,None,1
FLORENCE CT,10000,E,S FLORENCE CT,None,4
FLORENCE ST,10000,E,N FLORENCE ST,S FLORENCE ST,14
FULTON CT,10100,E,S FULTON CT,None,3
FULTON ST,10100,E,N FULTON ST,S FULTON ST,16
GALENA WAY,10100,E,S GALENA WAY,None,6
GALENA CT,10200,E,S GALENA CT,None,3
GALENA ST,10200,E,N GALENA ST,S GALENA ST,12
GENEVA ST,10300,E,N GENEVA ST,S GENEVA ST,17
GENEVA CT,10350,E,N GENEVA CT,None,5
HAVANA ST,10500,E,N HAVANA ST,S HAVANA ST,74
HAVANA WAY,10500,E,N HAVANA WAY,None,1
IRONTON ST,10700,E,N IRONTON ST,None,7
JOLIET ST,10900,E,N JOLIET ST,None,11
KENTON ST,11000,E,S KENTON ST,None,3
KINGSTON ST,11100,E,N KINGSTON ST,None,5
LIMA ST,11300,E,N LIMA ST,None,4
MOLINE ST,11500,E,N MOLINE ST,None,3
NOME ST,11700,E,N NOME ST,None,8
OAKLAND ST,11800,E,N OAKLAND ST,None,3
OSWEGO ST,11900,E,N OSWEGO ST,None,3
PARIS ST,12000,E,N PARIS ST,None,7
PEORIA WAY,12090,E,N PEORIA WAY,None,2
PEORIA ST,12100,E,N PEORIA ST,None,20
QUARI ST,12200,E,N QUARI ST,None,7
QUENTIN ST,12300,E,N QUENTIN ST,None,16
RACINE ST,12400,E,N RACINE ST,None,1
REVERE ST,12500,E,N REVERE ST,None,3
SALEM ST,12600,E,N SALEM ST,None,5
SCRANTON ST,12700,E,N SCRANTON ST,None,8
SCRANTON CT,12750,E,N SCRANTON CT,None,3
TROY ST,12800,E,N TROY ST,None,10
TUCSON ST,12900,E,N TUCSON ST,None,6
TUCSON WAY,12910,E,N TUCSON WAY,None,2
TULSA CT,12930,E,N TULSA CT,None,12
TITAN CT,12950,E,N TITAN CT,None,12
TITAN WAY,12970,E,N TITAN WAY,None,1
TOPEKA CT,13000,E,N TOPEKA CT,None,3
URSULA ST,13000,E,N URSULA ST,None,3
URSULA WAY,13000,E,N URSULA WAY,None,3
UPTON CT,13010,E,N UPTON CT,None,2
UTOPIA CT,13050,E,N UTOPIA CT,None,1
UVALDA ST,13100,E,N UVALDA ST,None,26
VAUGHN ST,13200,E,N VAUGHN ST,None,3
VAUGHN WAY,13210,E,N VAUGHN WAY,None,1
VICTOR ST,13300,E,N VICTOR ST,None,2
VICTOR WAY,13300,E,N VICTOR WAY,None,5
WHEELING ST,13400,E,N WHEELING ST,None,12
WHEELING WAY,13400,E,N WHEELING WAY,None,1
WORCHESTER ST,13500,E,N WORCHESTER ST,None,9
XANADU ST,13600,E,N XANADU ST,None,8
XAPARY WAY,13620,E,N XAPARY WAY,None,1
YUBA WAY,13690,E,N YUBA WAY,None,3
YOST CT,13700,E,N YOST CT,None,2
ZION CT,13750,E,N ZION CT,None,1
ABILENE ST,13800,E,N ABILENE ST,None,4
POTOMAC WAY,13800,E,N POTOMAC WAY,None,2
AUCKLAND CT,13850,E,N AUCKLAND CT,None,2
AUCKLAND WAY,13850,E,N AUCKLAND WAY,None,2
ATCHISON ST,13900,E,N ATCHISON ST,None,3
ATCHISON WAY,13900,E,N ATCHISON WAY,None,3
ANAHEIM WAY,13950,E,N ANAHEIM WAY,None,3
BILLINGS ST,14000,E,N BILLINGS ST,None,9
BALTIMORE CT,14020,E,N BALTIMORE CT,None,1
BEDFORD CT,14050,E,N BEDFORD CT,None,1
BLACKHAWK WAY,14200,E,N BLACKHAWK WAY,None,10
CARSON ST,14200,E,N CARSON ST,None,6
CARSON WAY,14250,E,N CARSON WAY,None,1
CHANDLER CT,14250,E,N CHANDLER CT,None,3
CHANDLER WAY,14250,E,N CHANDLER WAY,None,3
COLUMBUS WAY,14250,E,N COLUMBUS WAY,None,1
CRYSTAL ST,14300,E,N CRYSTAL ST,None,12
CRYSTAL WAY,14300,E,N CRYSTAL WAY,None,6
CORNISH CT,14350,E,N CORNISH CT,None,1
CORNISH WAY,14350,E,N CORNISH WAY,None,1
DILLON ST,14400,E,N DILLON ST,None,15
DAVENPORT ST,14420,E,N DAVENPORT ST,None,1
DAVENPORT WAY,14430,E,N DAVENPORT WAY,None,2
DENMARK CT,14440,E,N DENMARK CT,None,2
DEL RIO CT,14450,E,N DEL RIO CT,None,4
SABLE ST,14500,E,N SABLE ST,None,8
DEEPHAVEN CT,14530,E,N DEEPHAVEN CT,None,10
DULUTH CT,14550,E,N DULUTH CT,None,7
DUMAS CT,14570,E,N DUMAS CT,None,1
DURHAM CT,14570,E,N DURHAM CT,None,15
DEARBORN ST,14600,E,N DEARBORN ST,None,9
DURHAM CIR,14600,E,N DURHAM CIR,None,1
EAGLE CT,14700,E,N EAGLE CT,None,1
EAGLE ST,14700,E,N EAGLE ST,None,12
ELKHART ST,14800,E,N ELKHART ST,None,13
ALTURA ST,14900,E,N ALTURA ST,None,7
ENID WAY,14900,E,N ENID WAY,None,8
EUGENE WAY,14900,E,N EUGENE WAY,None,7
EUGENE CT,14920,E,N EUGENE CT,None,1
EUREKA CT,14950,E,N EUREKA CT,None,5
ENID CT,14970,E,N ENID CT,None,1
FAIRPLAY ST,15000,E,N FAIRPLAY ST,None,9
FAIRPLAY WAY,15000,E,N FAIRPLAY WAY,None,4
FONTANA CT,15010,E,N FONTANA CT,None,11
FONTANA WAY,15060,E,N FONTANA WAY,None,2
FREEPORT WAY,15070,E,N FREEPORT WAY,None,6
FRASER ST,15100,E,N FRASER ST,None,2
FRASER WAY,15100,E,N FRASER WAY,None,9
FRANKFORT WAY,15110,E,N FRANKFORT WAY,None,2
FULLERTON CT,15150,E,N FULLERTON CT,None,1
GRANBY ST,15200,E,N GRANBY ST,None,8
GRANBY WAY,15200,E,N GRANBY WAY,None,4
CHAMBERS RD,15300,E,N CHAMBERS RD,None,12
HANNIBAL ST,15400,E,N HANNIBAL ST,None,8
HANNIBAL CT,15450,E,N HANNIBAL CT,None,2
HELENA ST,15500,E,N HELENA ST,None,6
HELENA CT,15550,E,N HELENA CT,None,4
IDALIA ST,15600,E,N IDALIA ST,None,8
JASPER ST,15700,E,N JASPER ST,None,10
JASPER CT,15750,E,N JASPER CT,None,4
JOPLIN ST,15800,E,N JOPLIN ST,None,3
JOPLIN CT,15850,E,N JOPLIN CT,None,1
KALISPELL ST,15900,E,N KALISPELL ST,None,3
KITTREDGE ST,16000,E,N KITTREDGE ST,None,12
LAREDO CT,16100,E,N LAREDO CT,None,2
LAREDO ST,16100,E,N LAREDO ST,None,6
LAREDO WAY,16100,E,N LAREDO WAY,None,2
LEWISTON CT,16200,E,N LEWISTON CT,None,4
LEWISTON ST,16200,E,N LEWISTON ST,None,3
MEMPHIS ST,16300,E,N MEMPHIS ST,None,6
BUCKLEY RD,16900,E,N BUCKLEY RD,None,3
YAMPA ST,18300,E,N YAMPA ST,None,3
TOWER RD,18500,E,N TOWER RD,None,28
ANDES ST,18600,E,N ANDES ST,None,11
ANDES CT,18650,E,N ANDES CT,None,8
ANDES WAY,18680,E,N ANDES WAY,None,13
ARGONNE ST,18700,E,N ARGONNE ST,None,28
ARGONNE CT,18750,E,N ARGONNE CT,None,3
ARGONNE WAY,18780,E,N ARGONNE WAY,None,2
BAHAMA ST,18800,E,N BAHAMA ST,None,6
BAHAMA CT,18840,E,N BAHAMA CT,None,2
BISCAY ST,18900,E,N BISCAY ST,None,18
